STATE/UT,DISTRICT,TOTAL_RAPE,Population,Latitude,Longitude,RISK_RATE,RISK_LEVEL
andhra pradesh,anantapur,675,4083315.0,14.7,77.6,16.530686464306573,High
andhra pradesh,chittoor,959,4170468.0,14.47,78.82,22.995021182274986,High
andhra pradesh,east godavari,1740,5151549.0,16.95,82.25,33.77624865841323,High
andhra pradesh,guntur,1564,4889230.0,16.3,80.45,31.98867715366223,High
andhra pradesh,krishna,1525,4529009.0,16.28,81.22,33.671825337507606,High
andhra pradesh,kurnool,1047,4046601.0,15.8,77.97,25.873566482092006,High
andhra pradesh,prakasam,297,3392764.0,15.33,79.55,8.753924528791275,Medium
andhra pradesh,sri potti sriramulu nellore,121,2966082.0,14.43,80.0,4.0794556590141475,Low
andhra pradesh,srikakulam,847,2699471.0,18.42,84.02,31.376517843681224,High
andhra pradesh,visakhapatnam,1482,4288113.0,17.7,83.28,34.56065640061257,High
andhra pradesh,vizianagaram,803,2342868.0,18.2,83.4,34.27423141209833,High
andhra pradesh,west godavari,2811,3934782.0,16.12,81.02,71.4397900569841,High
arunachal pradesh,anjaw,2,21089.0,27.92,96.33,9.483617051543458,Medium
arunachal pradesh,changlang,133,147951.0,27.12,95.73,89.89462727524653,High
arunachal pradesh,east kameng,12,78413.0,0.0,0.0,15.30358486475457,High
arunachal pradesh,east siang,19,99019.0,0.0,0.0,19.18823660105636,High
arunachal pradesh,kamle,1,22256.0,0.0,0.0,4.493170381020849,Low
arunachal pradesh,kra daadi,0,0.0,0.0,0.0,,Low
arunachal pradesh,kurung kumey,6,89717.0,27.9,93.35,6.687695754427812,Medium
arunachal pradesh,lohit,135,145538.0,28.0,96.5,92.75927936346521,High
arunachal pradesh,longding,20,60000.0,0.0,0.0,33.333333333333336,High
arunachal pradesh,lower dibang valley,7,53986.0,28.13,95.83,12.966324602674765,High
arunachal pradesh,lower siang,7,80597.0,0.0,0.0,8.685186793553111,Medium
arunachal pradesh,lower subansiri,2,82839.0,27.8,93.6,2.41432175666051,Low
arunachal pradesh,namsai,15,95950.0,27.67,95.87,15.63314226159458,High
arunachal pradesh,papum pare,259,176385.0,27.15,93.72,146.83788303994106,High
arunachal pradesh,shi yomi,1,13310.0,0.0,0.0,7.5131480090157785,Medium
arunachal pradesh,siang,8,31920.0,28.2,94.98,25.06265664160401,High
arunachal pradesh,tawang,18,49950.0,27.58,91.85,36.03603603603604,High
arunachal pradesh,tirap,36,111997.0,26.98,95.5,32.143718135307196,High
arunachal pradesh,upper dibang valley,0,7948.0,28.7,95.7,0.0,Low
arunachal pradesh,upper siang,5,35289.0,28.6,95.03,14.168721131230694,High
arunachal pradesh,upper subansiri,13,83205.0,28.3,94.0,15.624061054023196,High
arunachal pradesh,west kameng,9,87013.0,0.0,0.0,10.343282038316113,High
arunachal pradesh,west siang,26,112272.0,28.4,94.55,23.158044748468008,High
assam,baksa,273,953773.0,26.57,91.42,28.623162953868476,High
assam,barpeta,3148,1693190.0,26.53,91.0,185.921249239601,High
assam,bongaigaon,1425,732639.0,26.47,90.57,194.50234017026122,High
assam,cachar,2143,1736319.0,25.08,92.92,123.42202095352295,High
assam,charaideo,121,0.0,26.92,94.73,inf,High
assam,chirang,644,481818.0,0.0,0.0,133.66042779638784,High
assam,darrang,2436,908090.0,26.75,92.5,268.2553491394025,High
assam,dhemaji,1873,688077.0,27.47,94.55,272.2079069639009,High
assam,dhubri,3896,1948632.0,26.03,89.97,199.9351339811724,High
assam,dibrugarh,1705,1327748.0,27.47,94.92,128.4129217291233,High
assam,dima hasao,24,213529.0,25.18,93.03,11.23969109582305,High
assam,goalpara,2172,1008959.0,26.43,90.37,215.27138367366763,High
assam,golaghat,1813,1058674.0,26.0,93.0,171.25196236046224,High
assam,hailakandi,1653,659260.0,24.68,92.57,250.73567333070412,High
assam,hojai,427,931218.0,26.0,92.87,45.853924644927396,High
assam,jorhat,1355,1091295.0,26.75,94.22,124.16441017323454,High
assam,kamrup,2262,1517202.0,26.33,91.25,149.0902332055982,High
assam,karbi anglong,574,965280.0,26.18,93.57,59.46461130449195,High
assam,karimganj,1372,1217002.0,24.87,92.35,112.73605137871589,High
assam,kokrajhar,1193,886999.0,26.4,90.27,134.49846053941437,High
assam,lakhimpur,1974,1040644.0,27.22,94.1,189.69023028048016,High
assam,majuli,19,167304.0,26.95,94.17,11.356572466886625,High
assam,morigaon,1549,957853.0,26.25,92.33,161.7158373988493,High
assam,nagaon,4067,2826006.0,26.35,92.67,143.91335333329087,High
assam,nalbari,1036,769919.0,26.45,91.43,134.5596095173648,High
assam,sivasagar,517,1150253.0,26.98,94.62,44.946633479764884,High
assam,sonitpur,2576,1925975.0,26.63,92.8,133.75043808979868,High
assam,tinsukia,1663,1316948.0,27.48,95.35,126.27681578923391,High
assam,udalguri,664,832769.0,26.73,92.08,79.73399586199774,High
assam,west karbi anglong,39,300320.0,17.35,75.17,12.986148108684072,High
bihar,araria,2006,2806200.0,26.12,87.47,71.48456988097783,High
bihar,arwal,209,700843.0,25.23,84.67,29.821229576381583,High
bihar,aurangabad,961,2511243.0,19.88,75.32,38.26790159295616,High
bihar,banka,1343,2029339.0,0.0,0.0,66.17918445365707,High
bihar,begusarai,1071,2954367.0,25.42,86.13,36.25142035502021,High
bihar,bhagalpur,2196,3032226.0,25.0,86.92,72.42204242032092,High
bihar,bhojpur,1086,2720155.0,0.0,0.0,39.92419549621253,High
bihar,buxar,808,1707643.0,25.55,83.97,47.31668153120997,High
bihar,darbhanga,1962,3921971.0,26.0,86.0,50.02586709590663,High
bihar,gaya,1781,4379383.0,24.75,85.0,40.667829235305526,High
bihar,gopalganj,1176,2558037.0,0.0,0.0,45.97275176238655,High
bihar,jamui,976,1756078.0,24.92,86.22,55.578396859365014,High
bihar,jehanabad,355,1124176.0,24.75,85.0,31.578685188084428,High
bihar,katihar,3231,3068149.0,25.55,87.57,105.30779307002366,High
bihar,khagaria,698,1657599.0,25.5,86.47,42.1090987627285,High
bihar,kishanganj,1315,1690948.0,25.67,86.93,77.76702772645876,High
bihar,lakhisarai,613,1000717.0,25.17,86.08,61.2560793910766,High
bihar,madhepura,835,1994618.0,25.9,86.77,41.86265239760195,High
bihar,madhubani,1441,4476044.0,26.35,86.07,32.193606675895055,High
bihar,munger,693,1359054.0,25.37,86.45,50.99135133703296,High
bihar,muzaffarpur,3391,4778610.0,26.12,85.38,70.96205800431507,High
bihar,nalanda,1174,2872523.0,25.2,85.52,40.86999477462844,High
bihar,nawada,448,2216653.0,24.75,85.0,20.2106509228102,High
bihar,patna,2964,5772804.0,25.42,85.17,51.344199456624544,High
bihar,purnia,748,3273127.0,25.77,87.47,22.8527643443105,High
bihar,rohtas,1158,2962593.0,24.95,84.0,39.08738054805369,High
bihar,saharsa,565,1897102.0,25.88,86.6,29.782267901251487,High
bihar,samastipur,1797,4254782.0,25.85,85.77,42.234831302755346,High
bihar,saran,1602,3943098.0,25.92,84.75,40.627952944613604,High
bihar,sheikhpura,181,634927.0,25.12,85.85,28.50721421517749,High
bihar,sheohar,392,656916.0,26.52,85.3,59.672773992413035,High
bihar,sitamarhi,1132,3419622.0,26.6,85.48,33.10307396548507,High
bihar,siwan,1094,3318176.0,26.2,84.4,32.96992082397076,High
bihar,supaul,1080,2228397.0,25.92,86.25,48.46533180577788,High
bihar,vaishali,1738,3495021.0,0.0,0.0,49.72788432458632,High
chandigarh,chandigarh,1023,1055450.0,30.75,76.78,96.9254820218864,High
chhattisgarh,balod,265,826165.0,20.73,81.2,32.07591703836401,High
chhattisgarh,baloda bazar,472,1305343.0,21.67,82.17,36.15907849507754,High
chhattisgarh,balrampur,1257,598855.0,27.43,82.18,209.9005602357833,High
chhattisgarh,bastar,246,1302253.0,19.07,82.02,18.89033851333036,High
chhattisgarh,bemetara,310,197035.0,21.7,81.53,157.33245362499048,High
chhattisgarh,bijapur,45,229832.0,16.83,75.72,19.579518952974347,High
chhattisgarh,bilaspur,3339,1961922.0,0.0,0.0,170.19025221186163,High
chhattisgarh,dhamtari,935,799199.0,20.7,81.53,116.99213837855153,High
chhattisgarh,durg,3591,3343079.0,21.18,81.28,107.4159479928533,High
chhattisgarh,janjgir-champa,309,1620632.0,22.02,82.57,19.066635732232857,High
chhattisgarh,jashpur,2101,852043.0,22.9,84.15,246.58379917445484,High
chhattisgarh,kabirdham,635,584667.0,22.02,81.25,108.60883203601367,High
chhattisgarh,kanker,770,748593.0,20.27,81.48,102.85963133505123,High
chhattisgarh,kondagaon,154,578326.0,19.6,81.67,26.628579728388484,High
chhattisgarh,korba,1368,1206563.0,22.35,82.68,113.37990639527318,High
chhattisgarh,koriya,1476,659039.0,23.25,82.55,223.9624665611595,High
chhattisgarh,mahasamund,1079,1032275.0,21.1,82.1,104.52641011358408,High
chhattisgarh,mungeli,192,701707.0,22.07,81.67,27.361847608759785,High
chhattisgarh,narayanpur,121,140206.0,19.72,81.25,86.30158481092107,High
chhattisgarh,raigarh,2028,1493627.0,21.9,83.4,135.77687066449656,High
chhattisgarh,raipur,4288,4062160.0,20.92,82.0,105.5596037576068,High
chhattisgarh,rajnandgaon,1769,1537520.0,21.1,81.03,115.05541391331495,High
chhattisgarh,sukma,64,249000.0,18.4,81.67,25.702811244979923,High
chhattisgarh,surajpur,1647,660280.0,23.22,82.85,249.43963167141214,High
chhattisgarh,surguja,491,420661.0,23.12,83.2,116.72106518075124,High
delhi,new delhi,313,142004.0,28.6,77.2,220.41632630066758,High
delhi,shahdara,364,0.0,28.67,77.27,inf,High
goa,north goa,599,817761.0,15.48,73.82,73.24878540307009,High
goa,south goa,559,639962.0,15.27,73.95,87.34893634309537,High
gujarat,amreli,417,1513614.0,21.42,71.25,27.549956593953283,High
gujarat,anand,395,2090276.0,22.57,72.93,18.897026038666663,High
gujarat,banaskantha,56,3116045.0,24.17,72.42,1.7971499127900914,Low
gujarat,bharuch,426,1550822.0,20.7,72.98,27.469303375887108,High
gujarat,bhavnagar,523,2877961.0,21.77,72.13,18.172588162244033,High
gujarat,botad,53,656005.0,22.17,71.67,8.079206713363465,Medium
gujarat,dahod,229,2126558.0,22.83,74.25,10.76857532218731,High
gujarat,dang,12,226769.0,0.0,0.0,5.29172858724076,Medium
gujarat,gandhinagar,402,1387478.0,23.22,72.68,28.973432371540305,High
gujarat,gir somnath,176,1217477.0,0.0,0.0,14.456125249183351,High
gujarat,jamnagar,648,2159130.0,22.22,69.7,30.01208820219255,High
gujarat,junagadh,606,2742291.0,21.52,70.45,22.098311229552227,High
gujarat,kheda,238,2298934.0,22.75,72.68,10.352624303264035,High
gujarat,kutch,194,2090313.0,23.9,70.37,9.280906735020066,Medium
gujarat,mahisagar,57,994624.0,23.12,73.62,5.73080882826073,Medium
gujarat,mehsana,212,2027727.0,23.67,72.5,10.45505632661596,High
gujarat,morbi,116,960329.0,22.82,70.83,12.079193692994796,High
gujarat,narmada,215,590379.0,21.87,73.5,36.41728449013261,High
gujarat,navsari,165,1330711.0,20.95,72.92,12.399386493385867,High
gujarat,panchmahal,280,2388267.0,22.75,73.6,11.723982285062768,High
gujarat,patan,387,1342746.0,23.83,72.12,28.821534378058097,High
gujarat,porbandar,156,586062.0,21.62,69.6,26.618344134238356,High
gujarat,rajkot,464,3157676.0,22.3,70.78,14.694351162057158,High
gujarat,sabarkantha,10,2427346.0,23.6,72.95,0.411972582400696,Low
gujarat,surat,475,4996391.0,20.92,73.05,9.506862053029877,Medium
gujarat,surendranagar,654,1755873.0,22.73,71.52,37.246429553845864,High
gujarat,tapi,108,806489.0,21.12,73.4,13.391379175661417,High
gujarat,vadodara,323,3639775.0,22.18,73.12,8.874174914658187,Medium
gujarat,valsad,365,1703068.0,20.6,72.92,21.4319099413529,High
haryana,ambala,814,1136784.0,30.42,77.17,71.60551168911597,High
haryana,bhiwani,1110,1629109.0,28.78,76.13,68.13540407670696,High
haryana,faridabad,2068,1798954.0,28.4,77.32,114.9556909181669,High
haryana,fatehabad,629,941522.0,29.32,75.27,66.8067235816051,High
haryana,gurgaon,1095,1514085.0,28.25,77.17,72.32090668621643,High
haryana,hissar,751,1742815.0,29.17,75.72,43.091205893913006,High
haryana,jhajjar,888,956907.0,28.6,76.65,92.79898673538808,High
haryana,jind,950,1332042.0,29.3,76.32,71.31907252173731,High
haryana,kaithal,759,1072861.0,29.8,76.38,70.74541809237171,High
haryana,karnal,1943,1506323.0,29.67,76.83,128.9895991762723,High
haryana,kurukshetra,1232,964231.0,29.97,76.85,127.77021273947841,High
haryana,mahendragarh,665,921680.0,28.03,76.1,72.15085496050689,High
haryana,nuh,441,1089406.0,28.1,77.0,40.48077576220436,High
haryana,palwal,973,1040493.0,28.15,77.33,93.51336337678389,High
haryana,panchkula,614,558890.0,30.68,76.85,109.86061657929109,High
haryana,panipat,1984,1202811.0,29.38,76.97,164.94694511440284,High
haryana,rewari,857,896129.0,27.95,76.28,95.63355275858721,High
haryana,rohtak,1472,1058683.0,28.53,76.33,139.0406760097215,High
haryana,sirsa,1072,1295114.0,29.53,75.02,82.77263623125069,High
haryana,sonipat,1277,1480080.0,28.98,77.02,86.279120047565,High
himachal pradesh,bilaspur,346,382056.0,0.0,0.0,90.5626400318278,High
himachal pradesh,chamba,495,518844.0,32.55,76.12,95.40439901010708,High
himachal pradesh,hamirpur,281,454293.0,0.0,0.0,61.85435390816059,High
himachal pradesh,kangra,930,1507223.0,32.22,76.32,61.702880064861006,High
himachal pradesh,kinnaur,165,84298.0,31.58,78.42,195.73418111936226,High
himachal pradesh,kullu,564,437474.0,0.0,0.0,128.92194736144322,High
himachal pradesh,mandi,1036,999518.0,0.0,0.0,103.64995928037314,High
himachal pradesh,shimla,1022,813384.0,31.1,77.17,125.64791045803705,High
himachal pradesh,sirmaur,502,530164.0,30.63,77.43,94.6876815475966,High
himachal pradesh,solan,457,576670.0,30.9,77.08,79.24809683181022,High
himachal pradesh,una,356,521057.0,31.47,76.27,68.32265951709698,High
jammu and kashmir,anantnag,92,1070144.0,33.73,75.15,8.59697386519945,Medium
jammu and kashmir,bandipora,44,385099.0,34.42,74.65,11.425633408552088,High
jammu and kashmir,baramulla,74,1015503.0,34.18,74.35,7.28702918652136,Medium
jammu and kashmir,doda,73,409576.0,33.13,75.53,17.823309959567943,High
jammu and kashmir,ganderbal,50,297003.0,34.23,74.78,16.8348467860594,High
jammu and kashmir,jammu,265,1526406.0,32.73,74.87,17.361042868018078,High
jammu and kashmir,kathua,75,615711.0,32.58,75.5,12.181039481185167,High
jammu and kashmir,kishtwar,29,230696.0,33.3,75.77,12.570655754759509,High
jammu and kashmir,kulgam,93,422786.0,33.63,75.02,21.996944080456778,High
jammu and kashmir,kupwara,98,875564.0,34.52,74.25,11.192785450292611,High
jammu and kashmir,poonch,105,476820.0,0.0,0.0,22.020888385554297,High
jammu and kashmir,pulwama,38,570060.0,33.87,74.88,6.66596498614181,Medium
jammu and kashmir,rajouri,208,619266.0,33.25,74.25,33.58815113376158,High
jammu and kashmir,ramban,56,283313.0,33.23,75.23,19.7661243924564,High
jammu and kashmir,reasi,96,314714.0,33.08,74.83,30.503886067985533,High
jammu and kashmir,samba,53,318611.0,32.55,75.12,16.63470501646208,High
jammu and kashmir,shopian,13,265960.0,33.72,74.83,4.887953075650474,Low
jammu and kashmir,srinagar,66,1269751.0,34.08,74.83,5.1978695035483335,Medium
jammu and kashmir,udhampur,93,555357.0,33.0,75.17,16.745985015044376,High
jharkhand,bokaro,1621,2061918.0,23.68,86.1,78.61612343458857,High
jharkhand,chatra,668,1042304.0,24.2,84.87,64.08878791600148,High
jharkhand,deoghar,1235,1491879.0,24.48,86.7,82.78151244169266,High
jharkhand,dhanbad,1427,2682662.0,23.78,86.42,53.193432493545586,High
jharkhand,dumka,1456,1321096.0,24.27,87.25,110.21152134288499,High
jharkhand,garhwa,1083,1322387.0,24.17,83.8,81.89735682519566,High
jharkhand,giridih,1620,2445203.0,24.17,86.32,66.25216802040568,High
jharkhand,godda,1442,1311382.0,24.82,87.22,109.96033192464134,High
jharkhand,gumla,1515,1025656.0,23.0,84.5,147.71034342898594,High
jharkhand,jamtara,674,790207.0,23.95,86.8,85.29410648096005,High
jharkhand,khunti,266,530299.0,23.07,85.27,50.160381218897264,High
jharkhand,koderma,405,717169.0,24.47,85.58,56.47204494338155,High
jharkhand,latehar,621,725673.0,23.72,84.47,85.57573452505467,High
jharkhand,lohardaga,215,461738.0,23.43,84.68,46.56320250878204,High
jharkhand,pakur,1310,899200.0,24.62,87.85,145.6850533807829,High
jharkhand,palamu,1016,1936319.0,24.02,84.07,52.470693103770614,High
jharkhand,ramgarh,493,949159.0,23.62,85.52,51.940718046186156,High
jharkhand,ranchi,2631,2912022.0,23.0,85.0,90.34959213907038,High
jharkhand,simdega,773,599813.0,22.6,84.5,128.87349890715942,High
jharkhand,west singhbhum,273,1501619.0,22.57,85.82,18.18037731275377,High
karnataka,bagalkot,254,1890826.0,16.12,75.45,13.433282597129507,High
karnataka,ballari,161,2532383.0,15.15,76.93,6.357648112469559,Medium
karnataka,bangalore rural,646,987257.0,13.27,77.62,65.43382320915426,High
karnataka,belgaum,682,4778439.0,15.85,74.55,14.272443364872922,High
karnataka,bidar,335,1700018.0,17.9,77.5,19.705673704631362,High
karnataka,chamarajnagar,219,1020962.0,12.0,77.3,21.450357603906905,High
karnataka,chikkamagaluru,111,1137753.0,13.3,75.73,9.75607183633003,Medium
karnataka,chitradurga,637,1660378.0,14.0,76.5,38.364757904525355,High
karnataka,dakshina kannada,179,2083625.0,12.87,74.88,8.590797288379628,Medium
karnataka,davanagere,448,1946905.0,14.23,75.9,23.010881373256527,High
karnataka,dharwad,95,1846993.0,15.38,75.12,5.143495400361561,Medium
karnataka,gadag,227,1065235.0,15.4,75.75,21.309851816735275,High
karnataka,gulbarga,720,2564892.0,17.33,76.83,28.071357390486614,High
karnataka,hassan,707,1776221.0,0.0,0.0,39.80360551980863,High
karnataka,haveri,304,1598506.0,14.8,75.4,19.017757831375047,High
karnataka,kodagu,382,554762.0,12.42,75.73,68.85835727753523,High
karnataka,kolar,503,1540231.0,13.13,78.13,32.65743904648069,High
karnataka,koppal,344,1391292.0,15.57,76.0,24.725219436322494,High
karnataka,mandya,676,1808680.0,12.52,76.9,37.375323440299,High
karnataka,mysuru,169,2994744.0,12.22,76.48,5.64322025522048,Medium
karnataka,raichur,641,1924773.0,16.22,77.35,33.302628413844126,High
karnataka,ramanagara,61,1082739.0,12.72,75.28,5.633860053069114,Medium
karnataka,shimoga,534,1755512.0,14.0,75.28,30.418476205232434,High
karnataka,tumakuru,134,2681449.0,13.33,77.1,4.997298102630332,Low
karnataka,udupi,287,1177908.0,13.35,74.75,24.365230561300205,High
karnataka,uttara kannada,79,1353299.0,14.6,74.7,5.83758652005211,Medium
karnataka,vijayapura,127,2175102.0,13.28,77.8,5.83880663987252,Medium
karnataka,yadgir,62,1172985.0,16.75,77.13,5.285660089429959,Medium
kerala,alappuzha,306,2121943.0,9.48,76.48,14.42074551484182,High
kerala,ernakulam,920,3279860.0,10.0,76.33,28.049977742952443,High
kerala,idukki,1205,1107453.0,9.85,76.93,108.80822933343447,High
kerala,kannur,1273,2525637.0,11.87,75.35,50.40312602325671,High
kerala,kasaragod,245,1302600.0,12.5,75.0,18.80853677260863,High
kerala,kollam,1640,2629703.0,8.8,76.6,62.364457126907496,High
kerala,kottayam,1281,1979384.0,9.58,76.52,64.71710390707412,High
kerala,kozhikode,665,3089543.0,11.25,75.77,21.524218954065375,High
kerala,malappuram,2219,4110956.0,11.03,76.07,53.97771224016993,High
kerala,palakkad,1982,2810892.0,10.77,76.65,70.51142484307474,High
kerala,pathanamthitta,916,1195537.0,9.27,76.78,76.61828952177974,High
kerala,thiruvananthapuram,778,3307284.0,8.28,76.68,23.523834058399583,High
kerala,thrissur,1338,3110327.0,10.52,76.22,43.01798492570074,High
kerala,wayanad,207,816558.0,11.62,76.08,25.35031191905535,High
ladakh,kargil,2,143388.0,34.55,76.13,1.3948168605462101,Low
lakshadweep,lakshadweep,19,64473.0,10.57,72.63,29.46970049478076,High
madhya pradesh,alirajpur,756,728677.0,22.3,74.35,103.7496723513985,High
madhya pradesh,anuppur,1292,749521.0,23.12,81.7,172.3767579560813,High
madhya pradesh,ashok nagar,1136,844979.0,24.57,77.72,134.44121096500623,High
madhya pradesh,balaghat,2420,1701156.0,21.97,80.33,142.25620695574068,High
madhya pradesh,barwani,1391,1385659.0,22.02,74.92,100.38544836788849,High
madhya pradesh,betul,4624,1575247.0,21.83,77.83,293.54126686164136,High
madhya pradesh,bhind,1186,1703562.0,26.55,78.78,69.61883394910194,High
madhya pradesh,bhopal,4493,2368145.0,23.27,77.4,189.72655812883082,High
madhya pradesh,burhanpur,591,756993.0,21.3,76.22,78.07205614847165,High
madhya pradesh,chhatarpur,2216,1762857.0,24.9,79.57,125.70503449797687,High
madhya pradesh,chhindwara,3843,2090306.0,22.05,78.93,183.84868052811407,High
madhya pradesh,damoh,1466,1263703.0,21.88,80.78,116.00827093074875,High
madhya pradesh,datia,185,786375.0,25.67,78.45,23.525671594341123,High
madhya pradesh,dewas,2712,1563107.0,22.95,76.05,173.5005984874996,High
madhya pradesh,dhar,3511,2184672.0,22.6,75.3,160.7106238373541,High
madhya pradesh,dindori,1216,704218.0,22.95,81.08,172.67380271450034,High
madhya pradesh,guna,2794,1240938.0,24.63,77.32,225.1522638520216,High
madhya pradesh,gwalior,3178,2030543.0,26.22,78.17,156.50985967792852,High
madhya pradesh,harda,1051,570302.0,22.33,77.08,184.28832443161693,High
madhya pradesh,hoshangabad,1750,1240975.0,22.67,77.5,141.0181510505852,High
madhya pradesh,indore,4442,3272335.0,22.67,75.75,135.74404821022299,High
madhya pradesh,jabalpur,3878,2460714.0,23.15,79.93,157.59653498943803,High
madhya pradesh,jhabua,1411,1024091.0,22.77,74.6,137.78072456451625,High
madhya pradesh,katni,1958,1291684.0,23.83,80.38,151.58506260045027,High
madhya pradesh,khandwa (east nimar),431,1309443.0,0.0,0.0,32.914758412546405,High
madhya pradesh,khargone (west nimar),510,1872413.0,0.0,0.0,27.237580597870235,High
madhya pradesh,mandla,1748,1053522.0,22.7,81.0,165.91964856927524,High
madhya pradesh,mandsaur,1505,1339832.0,24.07,75.07,112.32751568853408,High
madhya pradesh,morena,1448,1965137.0,26.5,78.0,73.68443014405612,High
madhya pradesh,narsinghpur,1781,1092141.0,22.92,79.17,163.07418181352043,High
madhya pradesh,neemuch,868,825958.0,24.47,74.87,105.09008932657594,High
madhya pradesh,niwari,104,0.0,0.0,0.0,inf,High
madhya pradesh,panna,1167,1016028.0,24.72,80.17,114.85903931781408,High
madhya pradesh,raisen,2829,1331699.0,23.32,77.78,212.4353926825807,High
madhya pradesh,rajgarh,2738,1546541.0,24.25,74.93,177.04024658900087,High
madhya pradesh,ratlam,2523,1454483.0,23.32,75.03,173.46369809753708,High
madhya pradesh,rewa,2299,2363744.0,24.52,81.28,97.26095550110334,High
madhya pradesh,sagar,5076,2378295.0,23.8,78.67,213.43020945677472,High
madhya pradesh,satna,3972,2228619.0,24.33,80.55,178.2269647705597,High
madhya pradesh,sehore,889,1311008.0,23.2,77.08,67.81041763284435,High
madhya pradesh,seoni,2639,1378876.0,22.08,79.55,191.38776800814577,High
madhya pradesh,shahdol,2150,1064989.0,23.3,81.35,201.88001941804094,High
madhya pradesh,shajapur,2026,1512353.0,23.5,76.25,133.96343314027874,High
madhya pradesh,sheopur,638,687952.0,25.67,76.7,92.7390283043003,High
madhya pradesh,shivpuri,2555,1725818.0,24.87,77.18,148.04573831076047,High
madhya pradesh,sidhi,1434,1126515.0,24.42,81.88,127.29524240689206,High
madhya pradesh,singrauli,949,1178132.0,24.2,82.67,80.55124553106104,High
madhya pradesh,tikamgarh,2093,1444920.0,24.73,78.82,144.85231016250034,High
madhya pradesh,ujjain,2621,1986864.0,23.42,75.5,131.9164270931478,High
madhya pradesh,umaria,282,643579.0,23.52,80.83,43.81746452261494,High
madhya pradesh,vidisha,3085,1458212.0,23.52,77.8,211.5604589730437,High
maharashtra,ahmednagar,2292,4543083.0,19.08,74.72,50.4503219509747,High
maharashtra,akola,978,1818617.0,20.5,77.17,53.777128444306854,High
maharashtra,amravati,581,2887826.0,20.93,77.75,20.11894068409939,High
maharashtra,beed,1190,2585962.0,18.83,75.75,46.01769090187714,High
maharashtra,bhandara,928,1198810.0,21.18,80.0,77.41009834752796,High
maharashtra,buldhana,1207,2588039.0,20.52,76.17,46.63762794919242,High
maharashtra,chandrapur,1594,2194262.0,19.95,79.3,72.64401425171653,High
maharashtra,dhule,689,2048781.0,20.9,74.77,33.62975349732353,High
maharashtra,gadchiroli,673,1071795.0,20.18,80.0,62.79185851772027,High
maharashtra,gondia,1020,1322331.0,21.45,80.18,77.13651120634697,High
maharashtra,hingoli,509,1178973.0,19.72,77.15,43.17316851191673,High
maharashtra,jalgaon,1850,4224442.0,18.65,75.1,43.79276600317864,High
maharashtra,jalna,844,1958483.0,19.83,75.88,43.094578814316996,High
maharashtra,kolhapur,1309,3874015.0,16.68,74.22,33.78923416662042,High
maharashtra,latur,801,2455543.0,18.4,76.58,32.62007629269778,High
maharashtra,mumbai suburban,448,9332481.0,19.05,72.83,4.800438382890895,Low
maharashtra,nagpur,808,4653171.0,21.0,79.0,17.364502615528206,High
maharashtra,nanded,1293,3356566.0,19.15,77.32,38.521512760362825,High
maharashtra,nandurbar,619,1646177.0,21.38,74.37,37.602274846508,High
maharashtra,nashik,582,6109052.0,19.98,73.78,9.526846391224039,Medium
maharashtra,osmanabad,755,1660311.0,17.35,75.17,45.47340829519289,High
maharashtra,palghar,471,2990116.0,19.68,72.77,15.751897250809,High
maharashtra,parbhani,775,1835982.0,19.5,76.75,42.211742816650705,High
maharashtra,pune,1984,9426959.0,18.52,73.83,21.04602343131014,High
maharashtra,raigad,803,2635394.0,18.65,72.87,30.46982728199275,High
maharashtra,ratnagiri,664,1612672.0,16.98,73.3,41.17390269068974,High
maharashtra,sangli,1448,2820575.0,16.85,74.57,51.33705006957802,High
maharashtra,satara,1336,3003922.0,17.7,74.0,44.475189435677756,High
maharashtra,sindhudurg,268,848868.0,16.1,73.68,31.57145751754101,High
maharashtra,solapur,580,4315527.0,17.83,75.5,13.43984176208375,High
maharashtra,thane,1498,11060148.0,19.2,72.97,13.544122556045362,High
maharashtra,wardha,1168,1296157.0,20.83,78.6,90.11254037898186,High
maharashtra,washim,685,1196714.0,20.1,77.13,57.24007574073672,High
maharashtra,yavatmal,2049,2775457.0,20.1,78.2,73.82567987902533,High
manipur,bishnupur,142,240363.0,24.63,93.77,59.0773122319159,High
manipur,chandel,11,144028.0,24.32,93.98,7.637403838142583,Medium
manipur,churachandpur,67,271274.0,24.33,93.68,24.69827554428364,High
manipur,imphal east,181,452661.0,24.8,93.95,39.9857730177771,High
manipur,imphal west,345,514683.0,24.82,93.9,67.03155145983061,High
manipur,jiribam,3,43818.0,24.8,93.12,6.846501437765301,Medium
manipur,kakching,18,135481.0,24.48,93.98,13.285995822292424,High
manipur,kamjong,0,45616.0,24.85,94.5,0.0,Low
manipur,kangpokpi,0,0.0,25.13,93.97,,Low
manipur,noney,0,0.0,0.0,0.0,,Low
manipur,pherzawl,0,47250.0,0.0,0.0,0.0,Low
manipur,senapati,19,354772.0,0.0,0.0,5.35555229837755,Medium
manipur,tamenglong,4,140143.0,24.98,93.48,2.8542274676580353,Low
manipur,tengnoupal,3,0.0,24.32,93.98,inf,High
manipur,thoubal,325,420517.0,24.65,93.98,77.2858172202313,High
manipur,ukhrul,18,183115.0,25.12,94.37,9.82988832154657,Medium
meghalaya,east garo hills,22,317618.0,25.48,90.62,6.926559577857677,Medium
meghalaya,east jaintia hills,47,122436.0,0.0,0.0,38.38740239798752,High
meghalaya,east khasi hills,105,824059.0,25.57,91.88,12.741806108543198,High
meghalaya,north garo hills,14,118325.0,25.88,90.58,11.831819142193112,High
meghalaya,ri bhoi,112,258380.0,25.9,91.88,43.347008282374794,High
meghalaya,south garo hills,13,142574.0,25.2,90.63,9.118072018741145,Medium
meghalaya,south west garo hills,19,172495.0,0.0,0.0,11.014812023536914,High
meghalaya,south west khasi hills,11,110152.0,0.0,0.0,9.986200886048369,Medium
meghalaya,west garo hills,49,642923.0,25.52,90.22,7.621441447887227,Medium
meghalaya,west jaintia hills,47,270352.0,25.45,92.2,17.384742853761022,High
meghalaya,west khasi hills,51,385601.0,25.52,91.27,13.226106778768727,High
mizoram,aizawl,853,404054.0,23.73,92.72,211.11039613517005,High
mizoram,champhai,305,125370.0,23.47,93.32,243.27989152109754,High
mizoram,hnahthial,2,0.0,22.9,92.75,inf,High
mizoram,khawzawl,3,0.0,23.53,93.17,inf,High
mizoram,kolasib,205,83054.0,24.22,92.67,246.82736532858138,High
mizoram,lawngtlai,104,117444.0,22.52,92.9,88.55284220564694,High
mizoram,lunglei,263,154094.0,22.9,92.75,170.675042506522,High
mizoram,mamit,124,85757.0,23.92,92.48,144.59461035250766,High
mizoram,saiha,78,56366.0,22.48,92.97,138.38129368768406,High
mizoram,saitual,0,0.0,23.68,92.95,,Low
mizoram,serchhip,136,64875.0,23.3,92.85,209.63391136801542,High
nagaland,dimapur,177,379769.0,25.8,93.78,46.60727968844218,High
nagaland,kiphire,11,74033.0,25.9,94.78,14.858238893466428,High
nagaland,kohima,153,270063.0,25.67,94.12,56.65344752890992,High
nagaland,longleng,4,50593.0,26.52,94.93,7.906232087442927,Medium
nagaland,mokokchung,33,193171.0,26.32,94.52,17.083309606514433,High
nagaland,mon,34,259604.0,26.72,95.03,13.096870618326374,High
nagaland,peren,17,163294.0,25.52,93.73,10.410670324690434,High
nagaland,phek,50,163294.0,25.67,94.47,30.61961860203069,High
nagaland,tuensang,23,414801.0,26.23,94.82,5.544827519702219,Medium
nagaland,wokha,27,166239.0,26.1,94.27,16.24167614097775,High
nagaland,zunheboto,41,141014.0,26.02,94.52,29.075127292325583,High
odisha,angul,1138,1271703.0,20.82,85.1,89.48630301257448,High
odisha,balangir,192,1648574.0,20.7,83.5,11.646428974374217,High
odisha,balasore,1620,2317419.0,21.5,86.9,69.90535591535237,High
odisha,bhadrak,1445,1506522.0,21.07,86.5,95.91628930742466,High
odisha,cuttack,1427,2618708.0,20.45,85.82,54.49252073923477,High
odisha,dhenkanal,819,1192948.0,20.65,85.6,68.6534534615088,High
odisha,gajapati,384,575880.0,18.88,84.2,66.68055844967701,High
odisha,ganjam,1497,3520151.0,19.37,85.05,42.52658479707263,High
odisha,jagatsinghpur,635,1136604.0,20.25,86.15,55.86818276198218,High
odisha,jajpur,889,1826275.0,20.85,86.32,48.67832062531656,High
odisha,jharsuguda,569,579499.0,21.85,84.0,98.18826261995275,High
odisha,kalahandi,1475,1573054.0,20.07,83.2,93.76664755310371,High
odisha,kandhamal,1160,731952.0,20.47,84.23,158.48033750847048,High
odisha,kendrapara,1010,1439891.0,20.52,86.47,70.1441984150189,High
odisha,khordha,488,2246341.0,20.15,85.65,21.724217293812472,High
odisha,koraput,1730,1376934.0,18.8,82.7,125.6414613917588,High
odisha,malkangiri,167,612727.0,18.25,82.13,27.255205009735167,High
odisha,mayurbhanj,3047,2513895.0,21.92,86.72,121.20633518901943,High
odisha,nabarangpur,296,1218762.0,19.23,82.55,24.286940354228307,High
odisha,nayagarh,748,962215.0,20.1,85.0,77.73730403288246,High
odisha,nuapada,352,606490.0,20.65,82.82,58.0388794539069,High
odisha,puri,1269,1697983.0,19.8,85.82,74.73573056974068,High
odisha,rayagada,976,961959.0,19.15,83.4,101.45962561813964,High
odisha,sambalpur,1095,1044410.0,21.45,83.97,104.8438831493379,High
odisha,sundargarh,1366,2080664.0,22.1,84.0,65.65211874670779,High
puducherry,karaikal,39,200222.0,11.02,79.87,19.478378999310767,High
puducherry,pondicherry,111,950289.0,11.92,79.82,11.680657147457248,High
punjab,amritsar,1096,2490891.0,31.58,74.98,44.000319564364716,High
punjab,barnala,530,596294.0,30.37,75.53,88.88232985741934,High
punjab,bathinda,506,1388859.0,30.2,74.93,36.432784033512405,High
punjab,faridkot,501,618008.0,30.67,74.75,81.06691175518763,High
punjab,fatehgarh sahib,465,599814.0,30.38,76.23,77.52403245005952,High
punjab,fazilka,625,1180483.0,30.4,74.02,52.9444303729914,High
punjab,gurdaspur,905,2299026.0,31.92,75.25,39.36449609530297,High
punjab,hoshiarpur,1151,1582793.0,31.58,75.98,72.71955334652098,High
punjab,jalandhar,1432,2181753.0,31.32,75.57,65.63529418774719,High
punjab,kapurthala,766,817668.0,31.37,75.38,93.68105392408654,High
punjab,ludhiana,2113,3487882.0,30.88,75.85,60.58117791828966,High
punjab,mansa,599,768808.0,0.0,0.0,77.91282088635914,High
punjab,moga,616,992289.0,30.82,75.17,62.07868876909852,High
punjab,pathankot,195,626154.0,32.27,75.63,31.14249849078661,High
punjab,patiala,1353,2892282.0,30.33,76.38,46.77967086196989,High
punjab,rupnagar,125,683349.0,30.97,76.52,18.29226354322608,High
punjab,sangrur,1148,1654408.0,30.23,75.83,69.39038012388721,High
punjab,shahid bhagat singh nagar,139,614362.0,31.12,76.1,22.625097255364103,High
punjab,sri muktsar sahib,315,902702.0,30.47,74.5,34.89523674479507,High
punjab,tarn taran,813,1120070.0,31.45,74.92,72.58474916746275,High
rajasthan,ajmer,2396,2584913.0,26.45,74.63,92.69170761259663,High
rajasthan,alwar,4171,3671999.0,27.57,76.6,113.58935555265674,High
rajasthan,banswara,2329,1798194.0,27.2,74.0,129.51883945781157,High
rajasthan,baran,1989,1223921.0,25.1,76.52,162.51048883056995,High
rajasthan,barmer,1734,2604453.0,25.75,71.38,66.57827958500307,High
rajasthan,bharatpur,3440,2549121.0,27.22,77.5,134.9484783186047,High
rajasthan,bhilwara,2570,2410459.0,25.35,74.63,106.6186979326344,High
rajasthan,bikaner,1977,2367745.0,28.02,73.3,83.4971671358191,High
rajasthan,bundi,1648,1113725.0,25.43,75.63,147.9718961143909,High
rajasthan,chittorgarh,2317,1544392.0,24.87,74.62,150.02667716486488,High
rajasthan,churu,1605,2041172.0,28.28,74.95,78.63129613770911,High
rajasthan,dausa,1105,1637226.0,26.53,76.18,67.49220938343271,High
rajasthan,dholpur,1273,1207293.0,26.7,77.9,105.4425065000791,High
rajasthan,dungarpur,1670,1388906.0,23.83,73.72,120.23851866145009,High
rajasthan,ganganagar,3086,1969520.0,29.92,73.87,156.6879239611682,High
rajasthan,hanumangarh,2259,1779650.0,29.57,74.32,126.93507150282359,High
rajasthan,jaipur,3423,6663971.0,26.92,75.82,51.36576974899801,High
rajasthan,jaisalmer,278,672008.0,26.9,70.9,41.368555136248375,High
rajasthan,jalore,794,1830151.0,25.35,72.62,43.3843983365307,High
rajasthan,jhalawar,2379,1411327.0,24.6,76.15,168.56476209978268,High
rajasthan,jhunjhunu,1716,2139658.0,75.02,76.07,80.19973285450291,High
rajasthan,jodhpur,1269,3685681.0,27.62,72.92,34.43054350064479,High
rajasthan,karauli,1500,1458459.0,26.5,77.02,102.84828027390554,High
rajasthan,kota,1434,1950491.0,25.17,73.82,73.51994959217961,High
rajasthan,nagaur,2006,3309234.0,27.2,73.73,60.6182578808268,High
rajasthan,pali,2007,2038533.0,25.77,73.32,98.45315234043304,High
rajasthan,pratapgarh,1984,868231.0,0.0,0.0,228.51061526252806,High
rajasthan,rajsamand,728,1158283.0,25.07,73.87,62.85165197106407,High
rajasthan,sawai madhopur,1167,1338114.0,26.0,76.35,87.21230029728409,High
rajasthan,sikar,1705,2677737.0,27.22,74.43,63.67316879887756,High
rajasthan,sirohi,1054,1037185.0,24.88,72.85,101.62121511591471,High
rajasthan,tonk,931,1421711.0,26.15,75.78,65.48447609957297,High
rajasthan,udaipur,3732,3067549.0,24.38,73.62,121.66064828956279,High
tamil nadu,ariyalur,228,752481.0,11.13,79.07,30.299768366244464,High
tamil nadu,chengalpattu,46,2556244.0,12.68,79.98,1.799515226246008,Low
tamil nadu,chennai,1520,7100000.0,13.08,80.27,21.408450704225352,High
tamil nadu,coimbatore,87,3472578.0,11.0,76.97,2.5053432925048766,Low
tamil nadu,cuddalore,827,2600880.0,11.75,79.75,31.796930269754853,High
tamil nadu,dharmapuri,470,1502900.0,12.12,78.15,31.272872446603234,High
tamil nadu,dindigul,429,2161367.0,10.35,77.98,19.848549552204695,High
tamil nadu,erode,443,2259608.0,11.35,77.73,19.605170454344293,High
tamil nadu,kallakurichi,66,1370281.0,11.73,78.95,4.8165303320997666,Low
tamil nadu,kanchipuram,615,1166401.0,12.82,79.72,52.72629224426248,High
tamil nadu,kanyakumari,251,1863178.0,8.07,77.53,13.471606040861365,High
tamil nadu,karur,174,1076588.0,10.95,78.07,16.162171601392547,High
tamil nadu,krishnagiri,348,1883731.0,12.52,78.2,18.47397531813194,High
tamil nadu,madurai,209,3991038.0,9.83,77.83,5.236732900062591,Medium
tamil nadu,nagapattinam,401,1614069.0,10.77,79.82,24.844043222439684,High
tamil nadu,namakkal,339,1721179.0,11.22,78.17,19.695801540688098,High
tamil nadu,nilgiris,216,735071.0,11.42,76.68,29.384916559080686,High
tamil nadu,perambalur,366,564511.0,11.23,78.87,64.83487478543377,High
tamil nadu,pudukkottai,38,1918725.0,10.38,78.82,1.980481830382155,Low
tamil nadu,ramanathapuram,66,1337560.0,9.38,78.75,4.934358084870959,Low
tamil nadu,ranipet,5,1210277.0,12.93,79.33,0.4131285647831034,Low
tamil nadu,salem,173,3480008.0,11.65,78.13,4.971252939648414,Low
tamil nadu,sivaganga,56,1341250.0,9.72,78.82,4.175209692451071,Low
tamil nadu,tenkasi,19,1407627.0,8.97,77.3,1.3497893973332422,Low
tamil nadu,thanjavur,349,2402781.0,10.78,79.13,14.524836012936676,High
tamil nadu,theni,339,1243684.0,10.07,77.75,27.25772784726667,High
tamil nadu,tiruchirappalli,126,2713858.0,10.78,78.68,4.642836876505698,Low
tamil nadu,tirunelveli,103,1665253.0,8.72,77.7,6.185246325933657,Medium
tamil nadu,tiruvannamalai,95,2468965.0,12.42,79.12,3.847766169224756,Low
tamil nadu,vellore,722,1614242.0,12.9,79.13,44.726874904754055,High
tamil nadu,viluppuram,98,2093003.0,11.95,79.52,4.6822675361669335,Low
tamil nadu,virudhunagar,562,1943309.0,9.58,77.95,28.919744621159065,High
telangana,adilabad,106,708952.0,19.67,78.52,14.95164693801555,High
telangana,bhadradri kothagudem,149,1304811.0,0.0,0.0,11.419278347592103,High
telangana,hyderabad,1730,3441992.0,17.37,78.48,50.26159270561931,High
telangana,jogulamba gadwal,58,664971.0,0.0,0.0,8.722184877235248,Medium
telangana,kamareddy,92,972625.0,18.32,78.33,9.45893843978923,Medium
telangana,karimnagar,210,1016063.0,18.43,79.12,20.66800975923737,High
telangana,khammam,223,1401639.0,17.25,80.17,15.909945428173732,High
telangana,mahabubabad,87,770170.0,17.62,80.02,11.296207330849034,High
telangana,medak,102,767428.0,18.03,78.25,13.291149137117749,High
telangana,mulugu,27,294671.0,18.18,79.93,9.162761181113853,Medium
telangana,nagarkurnool,101,893308.0,16.48,78.33,11.30629077541005,High
telangana,nalgonda,300,1631399.0,17.05,79.27,18.38912491671259,High
telangana,narayanpet,119,566874.0,16.73,77.5,20.99231928082784,High
telangana,nirmal,46,709415.0,19.1,78.35,6.484215868003918,Medium
telangana,nizamabad,133,1534428.0,18.68,78.1,8.66772504151384,Medium
telangana,peddapalli,170,795332.0,18.6,79.38,21.37472149995222,High
telangana,rajanna sircilla,104,546121.0,0.0,0.0,19.04339880722404,High
telangana,ranga reddy,51,2551731.0,17.3,78.1,1.9986432739187634,Low
telangana,sangareddy,103,1527628.0,17.62,78.08,6.74247918995986,Medium
telangana,siddipet,99,993376.0,18.1,78.85,9.966014882582225,Medium
telangana,suryapet,167,1099560.0,17.13,79.62,15.187893339153844,High
telangana,vikarabad,103,881250.0,17.33,77.9,11.687943262411347,High
telangana,wanaparthy,84,751553.0,16.35,78.05,11.176856455898651,High
telangana,warangal urban,19,1135707.0,17.95,79.5,1.6729667070820204,Low
telangana,yadadri bhuvanagiri,947,726465.0,0.0,0.0,130.35727805193642,High
tripura,dhalai,567,377988.0,23.93,91.85,150.00476205593827,High
tripura,gomati,213,436868.0,23.55,91.48,48.7561460212238,High
tripura,khowai,159,327391.0,23.88,91.63,48.565782199266316,High
tripura,north tripura,62,415946.0,24.33,92.02,14.905781038884856,High
tripura,south tripura,78,433737.0,23.53,91.48,17.983247912905746,High
tripura,west tripura,176,917534.0,23.92,91.5,19.181850481835006,High
uttar pradesh,agra,1846,4380793.0,27.08,77.97,42.13848953830962,High
uttar pradesh,aligarh,2000,3673849.0,27.83,78.17,54.438818797397495,High
uttar pradesh,ambedkar nagar,714,2398709.0,0.0,0.0,29.76601163375799,High
uttar pradesh,amethi,262,2549935.0,26.17,81.78,10.274771709867114,High
uttar pradesh,amroha,287,1838771.0,28.9,78.47,15.608251380949559,High
uttar pradesh,auraiya,626,1372287.0,26.47,79.52,45.617279767279,High
uttar pradesh,ayodhya,882,2468371.0,26.8,82.2,35.7320678293498,High
uttar pradesh,azamgarh,880,4616509.0,26.6,83.18,19.062022840202413,High
uttar pradesh,bahraich,1029,2384239.0,27.57,81.58,43.15842497333531,High
uttar pradesh,ballia,452,3223642.0,28.2,79.37,14.021408084396468,High
uttar pradesh,balrampur,698,2149066.0,27.43,82.18,32.4792258590476,High
uttar pradesh,banda,920,1799541.0,0.0,0.0,51.12414776879215,High
uttar pradesh,barabanki,747,3257983.0,26.92,81.2,22.928296433713744,High
uttar pradesh,bareilly,1902,4465344.0,28.42,79.38,42.59470267016382,High
uttar pradesh,basti,844,2461056.0,27.25,83.0,34.29422166744682,High
uttar pradesh,bhadohi,163,1554203.0,25.33,82.47,10.487690475439823,High
uttar pradesh,bijnor,1265,3683896.0,29.42,78.52,34.33864582496357,High
uttar pradesh,budaun,240,3712738.0,28.12,78.98,6.464232057311881,Medium
uttar pradesh,bulandshahr,448,3498507.0,28.42,77.83,12.805462444408429,High
uttar pradesh,chandauli,244,1952713.0,25.25,83.25,12.495435837217247,High
uttar pradesh,chitrakoot,128,990626.0,25.2,80.9,12.921122603283175,High
uttar pradesh,deoria,577,3098637.0,26.5,83.77,18.621090498822547,High
uttar pradesh,etah,870,1761152.0,27.63,78.67,49.39948397412602,High
uttar pradesh,etawah,642,1579160.0,26.78,79.02,40.654525190607664,High
uttar pradesh,farrukhabad,395,1887577.0,27.5,79.5,20.92629863576426,High
uttar pradesh,fatehpur,1032,2632684.0,0.0,0.0,39.19953932944478,High
uttar pradesh,firozabad,1867,2496761.0,27.15,78.4,74.77688092692892,High
uttar pradesh,ghaziabad,1997,4661452.0,28.67,77.42,42.84072859701226,High
uttar pradesh,ghazipur,915,3622727.0,25.62,83.57,25.257216456001238,High
uttar pradesh,gonda,698,3431386.0,27.25,82.0,20.341634546506864,High
uttar pradesh,gorakhpur,1495,4436275.0,26.75,83.4,33.6994437901167,High
uttar pradesh,hamirpur,805,1104021.0,0.0,0.0,72.91527969123776,High
uttar pradesh,hapur,317,1338211.0,28.72,77.77,23.68834212243062,High
uttar pradesh,hardoi,1175,4091380.0,27.42,80.25,28.71891635585059,High
uttar pradesh,hathras,1109,1565678.0,27.6,78.05,70.83193351378763,High
uttar pradesh,jalaun,298,1670718.0,26.0,79.5,17.836642688951695,High
uttar pradesh,jaunpur,1079,4476072.0,25.75,82.75,24.10595718746258,High
uttar pradesh,jhansi,1032,2000755.0,25.5,78.5,51.580528350547674,High
uttar pradesh,kannauj,423,1658005.0,27.07,79.92,25.512588924641364,High
uttar pradesh,kanpur dehat,693,1795092.0,26.33,79.97,38.60526368564954,High
uttar pradesh,kanpur nagar,1885,4572951.0,26.45,80.32,41.22064723632508,High
uttar pradesh,kasganj,644,1438156.0,27.82,78.65,44.779564942885195,High
uttar pradesh,kaushambi,1034,1596909.0,25.52,81.37,64.75008907833822,High
uttar pradesh,kushinagar,535,3560830.0,26.9,83.97,15.024586964275182,High
uttar pradesh,lalitpur,401,1218002.0,0.0,0.0,32.92277024175658,High
uttar pradesh,lucknow,2829,4588455.0,26.75,81.0,61.65473999418105,High
uttar pradesh,maharajganj,474,2665292.0,0.0,0.0,17.78416773846918,High
uttar pradesh,mahoba,567,876055.0,25.28,79.87,64.72196380364247,High
uttar pradesh,mainpuri,989,1847194.0,27.17,79.0,53.54066762884678,High
uttar pradesh,mathura,1328,2541894.0,27.28,77.42,52.244507442088455,High
uttar pradesh,mau,619,2205170.0,25.93,83.57,28.07039820059224,High
uttar pradesh,meerut,1942,3447405.0,28.98,77.7,56.33222670385406,High
uttar pradesh,mirzapur,516,2494533.0,25.15,82.55,20.685234470740617,High
uttar pradesh,moradabad,2370,4773138.0,28.83,78.78,49.65286987302693,High
uttar pradesh,muzaffarnagar,1479,4138605.0,29.45,77.58,35.736679388344626,High
uttar pradesh,pilibhit,1774,2037225.0,28.55,80.1,87.07923768852238,High
uttar pradesh,pratapgarh,1407,3173752.0,0.0,0.0,44.33238639944142,High
uttar pradesh,prayagraj,1036,5959798.0,25.45,81.85,17.38313949566747,High
uttar pradesh,rampur,1398,2335398.0,28.8,79.02,59.86131700035711,High
uttar pradesh,saharanpur,797,3464228.0,29.97,77.55,23.006568851703758,High
uttar pradesh,sambhal,672,2217020.0,28.57,78.55,30.310957952566962,High
uttar pradesh,sant kabir nagar,565,1714300.0,26.77,83.05,32.95805868284431,High
uttar pradesh,shahjahanpur,1539,3002376.0,28.0,79.83,51.259402553177885,High
uttar pradesh,shamli,285,1274815.0,29.45,77.32,22.35618501508062,High
uttar pradesh,siddharthnagar,460,2553526.0,27.0,82.75,18.014306492277736,High
uttar pradesh,sitapur,3525,4474446.0,27.5,80.92,78.78070268363949,High
uttar pradesh,sonbhadra,805,1862612.0,24.68,83.05,43.21887757622092,High
uttar pradesh,sultanpur,1505,3790922.0,26.25,82.0,39.70010461834878,High
uttar pradesh,unnao,1763,3110595.0,26.55,80.47,56.67725949536986,High
uttar pradesh,varanasi,1364,3682194.0,25.33,83.0,37.04313243680262,High
uttarakhand,almora,152,621927.0,29.58,79.65,24.440167415146792,High
uttarakhand,bageshwar,127,259840.0,29.85,79.77,48.8762315270936,High
uttarakhand,chamoli,119,391114.0,30.42,79.33,30.42591162678912,High
uttarakhand,champawat,73,259315.0,29.33,80.1,28.151090372712726,High
uttarakhand,dehradun,1265,1698560.0,30.33,78.07,74.47484928409948,High
uttarakhand,haridwar,1546,1927029.0,29.97,78.17,80.2271268361815,High
uttarakhand,nainital,587,955128.0,29.33,79.5,61.457731319781224,High
uttarakhand,pauri garhwal,187,686527.0,0.0,0.0,27.238549976912783,High
uttarakhand,pithoragarh,181,485993.0,30.0,80.33,37.243334780542106,High
uttarakhand,tehri garhwal,162,616409.0,30.38,78.48,26.28125157160262,High
uttarakhand,uttarkashi,145,329686.0,30.73,78.45,43.98124275826089,High
west bengal,alipurduar,329,1700000.0,26.48,89.52,19.35294117647059,High
west bengal,bankura,1250,3596292.0,23.25,87.07,34.758022985897696,High
west bengal,birbhum,1698,3502387.0,0.0,0.0,48.481221521208255,High
west bengal,cooch behar,346,2822780.0,26.32,89.45,12.257419990222406,High
west bengal,dakshin dinajpur,1176,1670931.0,25.22,88.77,70.37992592153715,High
west bengal,darjeeling,1122,1842034.0,27.03,88.17,60.91092781132162,High
west bengal,hooghly,1602,5520389.0,0.0,0.0,29.019694083152473,High
west bengal,howrah,1066,4841638.0,22.58,88.25,22.017342064813604,High
west bengal,jalpaiguri,4131,3869675.0,26.7,89.0,106.75315110442092,High
west bengal,jhargram,166,1136548.0,22.45,86.98,14.605630382526739,High
west bengal,kalimpong,21,251642.0,27.07,88.47,8.345188799961852,Medium
west bengal,kolkata,1292,4486679.0,22.57,88.37,28.796354720273058,High
west bengal,murshidabad,8788,7102430.0,24.13,88.27,123.73230007194721,High
west bengal,nadia,4761,5168488.0,23.4,88.5,92.11591475108388,High
west bengal,north 24 parganas,1186,10082852.0,22.13,88.5,11.762544962476886,High
west bengal,paschim bardhaman,151,2882031.0,0.0,0.0,5.239360714718197,Medium
west bengal,paschim medinipur,342,5094238.0,0.0,0.0,6.713467254572715,Medium
west bengal,purba bardhaman,276,4835532.0,0.0,0.0,5.707748392524339,Medium
west bengal,purba medinipur,1017,4417377.0,0.0,0.0,23.02271234716892,High
west bengal,purulia,1249,2927965.0,23.33,86.37,42.65761373513686,High
west bengal,south 24 parganas,1275,8153176.0,22.53,88.33,15.638077725784408,High
west bengal,uttar dinajpur,2278,3000849.0,25.62,88.12,75.91185027970418,High
